column,dtype,source,description,missing_pct
plot_id,str,plot+weather+engineered,plot_id,0.0%
region,str,plot+weather+engineered,region,0.0%
crop_type,str,plot+weather+engineered,crop_type,0.0%
survey_year,int64,plot+weather+engineered,survey_year,0.0%
planting_month,float64,plot+weather+engineered,planting_month,100.0%
altitude_m,float64,plot+weather+engineered,altitude_m,0.0%
rainfall_mm_season,float64,plot+weather+engineered,rainfall_mm_season,3.0%
farm_size_ha,float64,plot+weather+engineered,farm_size_ha,0.0%
fertilizer_kg_per_ha,float64,plot+weather+engineered,fertilizer_kg_per_ha,5.0%
improved_seed_used,int64,plot+weather+engineered,improved_seed_used,0.0%
pest_disease_flag,float64,plot+weather+engineered,pest_disease_flag,2.0%
soil_quality_index,float64,plot+weather+engineered,soil_quality_index,4.0%
labor_days_per_ha,float64,plot+weather+engineered,labor_days_per_ha,3.2%
distance_to_market_km,float64,plot+weather+engineered,distance_to_market_km,0.0%
yield_tons_per_ha,float64,plot+weather+engineered,yield_tons_per_ha,0.0%
season_temp_mean,float64,plot+weather+engineered,season_temp_mean,100.0%
season_rainfall_sum,float64,plot+weather+engineered,season_rainfall_sum,100.0%
season_extreme_heat,float64,plot+weather+engineered,season_extreme_heat,100.0%
temp_dev_from_region,float64,plot+weather+engineered,temp_dev_from_region,100.0%
fertilizer_per_ha_ratio,float64,plot+weather+engineered,fertilizer_per_ha_ratio,5.0%
labor_per_ha_ratio,float64,plot+weather+engineered,labor_per_ha_ratio,3.2%
fertilizer_x_seed,float64,plot+weather+engineered,fertilizer_x_seed,5.0%
interaction_dist_farm,float64,plot+weather+engineered,interaction_dist_farm,0.0%
is_late_planting,float64,plot+weather+engineered,is_late_planting,0.0%
